{"commit":"f4fb27389b5b49398b5ca4e4924e115e58587836","pagesAndArtboards":{"592712B8-39A2-4C94-99FE-83199C3A5422":{"name":"Page 1","artboards":{"C490BCE7-7A02-4AB3-B3FB-8017CCA36F2A":{"name":"5"},"1B06188F-9DB8-4BA1-9019-D3BC4820C1C0":{"name":"1"},"C6DC0396-094E-4E29-87EC-50F7E5B461D8":{"name":"8"},"6401C451-6F11-4997-AD43-E518979D6B22":{"name":"10"},"0176D5DE-7B9B-4CAE-8881-B857F125E431":{"name":"6"},"9A54369D-1687-40DF-850B-C58E5E5C346D":{"name":"2"},"98364681-736C-421D-A7D7-E88256B55971":{"name":"3"},"ACE2CB2D-2804-4819-A17C-015FDB238623":{"name":"7"},"8C4920A7-683B-46BD-9065-1BD9FB386974":{"name":"9"},"79FBBCC9-6F65-44AD-8682-3457EB31E4F0":{"name":"4"}}}},"version":112,"fonts":["Futura-Medium","SFUIText-Medium","SFProText-Bold","AmericanTypewriter","Lato-Bold","DancingScript-Regular","VarelaRound-Regular","Lato-Regular","Bebas","AmericanTypewriter-CondensedBold"],"compatibilityVersion":99,"app":"com.bohemiancoding.sketch3","autosaved":1,"variant":"NONAPPSTORE","created":{"commit":"f4fb27389b5b49398b5ca4e4924e115e58587836","appVersion":"52.3","build":67297,"app":"com.bohemiancoding.sketch3","compatibilityVersion":99,"version":112,"variant":"NONAPPSTORE"},"saveHistory":["NONAPPSTORE.67297"],"appVersion":"52.3","build":67297}